{
  "fio version" : "fio-3.26-19-ge7e53",
  "timestamp" : 1646873284,
  "timestamp_ms" : 1646873284032,
  "time" : "Thu Mar 10 00:48:04 2022",
  "jobs" : [
    {
      "jobname" : "disk_fill",
      "groupid" : 0,
      "error" : 0,
      "eta" : 0,
      "elapsed" : 6,
      "job options" : {
        "name" : "disk_fill",
        "size" : "1GB",
        "numjobs" : "1",
        "rw" : "write",
        "bs" : "256k",
        "iodepth" : "64",
        "direct" : "1",
        "overwrite" : "1",
        "ioengine" : "libaio",
        "filename" : "/home/azureuser/VirtualClient/linux-x64/remote_disk_1_0/fio-test.dat",
        "filename" : "/home/azureuser/VirtualClient/linux-x64/remote_disk_1_1/fio-test.dat"
      },
      "read" : {
        "io_bytes" : 0,
        "io_kbytes" : 0,
        "bw_bytes" : 0,
        "bw" : 0,
        "iops" : 0.000000,
        "runtime" : 0,
        "total_ios" : 0,
        "short_ios" : 0,
        "drop_ios" : 0,
        "slat_ns" : {
          "min" : 0,
          "max" : 0,
          "mean" : 0.000000,
          "stddev" : 0.000000,
          "N" : 0
        },
        "clat_ns" : {
          "min" : 0,
          "max" : 0,
          "mean" : 0.000000,
          "stddev" : 0.000000,
          "N" : 0
        },
        "lat_ns" : {
          "min" : 0,
          "max" : 0,
          "mean" : 0.000000,
          "stddev" : 0.000000,
          "N" : 0
        },
        "bw_min" : 0,
        "bw_max" : 0,
        "bw_agg" : 0.000000,
        "bw_mean" : 0.000000,
        "bw_dev" : 0.000000,
        "bw_samples" : 0,
        "iops_min" : 0,
        "iops_max" : 0,
        "iops_mean" : 0.000000,
        "iops_stddev" : 0.000000,
        "iops_samples" : 0
      },
      "write" : {
        "io_bytes" : 1073741824,
        "io_kbytes" : 1048576,
        "bw_bytes" : 192599430,
        "bw" : 188085,
        "iops" : 734.708520,
        "runtime" : 5575,
        "total_ios" : 4096,
        "short_ios" : 0,
        "drop_ios" : 0,
        "slat_ns" : {
          "min" : 10100,
          "max" : 2042874,
          "mean" : 42636.437256,
          "stddev" : 58663.927844,
          "N" : 4096
        },
        "clat_ns" : {
          "min" : 3904750,
          "max" : 143247068,
          "mean" : 87015125.958496,
          "stddev" : 26305321.708211,
          "N" : 4096,
          "percentile" : {
            "1.000000" : 4947968,
            "5.000000" : 36438016,
            "10.000000" : 42729472,
            "20.000000" : 63700992,
            "30.000000" : 93847552,
            "40.000000" : 99090432,
            "50.000000" : 100139008,
            "60.000000" : 100139008,
            "70.000000" : 101187584,
            "80.000000" : 101187584,
            "90.000000" : 102236160,
            "95.000000" : 104333312,
            "99.000000" : 114819072,
            "99.500000" : 141557760,
            "99.900000" : 151864912,
            "99.950000" : 151864912,
            "99.990000" : 151864912
          }
        },
        "lat_ns" : {
          "min" : 3928650,
          "max" : 143363167,
          "mean" : 87058217.758301,
          "stddev" : 26303635.632055,
          "N" : 4096
        },
        "bw_min" : 178688,
        "bw_max" : 260608,
        "bw_agg" : 99.779685,
        "bw_mean" : 187671.272727,
        "bw_dev" : 24270.488932,
        "bw_samples" : 11,
        "iops_min" : 698,
        "iops_max" : 1018,
        "iops_mean" : 733.090909,
        "iops_stddev" : 94.806597,
        "iops_samples" : 11
      },
      "trim" : {
        "io_bytes" : 0,
        "io_kbytes" : 0,
        "bw_bytes" : 0,
        "bw" : 0,
        "iops" : 0.000000,
        "runtime" : 0,
        "total_ios" : 0,
        "short_ios" : 0,
        "drop_ios" : 0,
        "slat_ns" : {
          "min" : 0,
          "max" : 0,
          "mean" : 0.000000,
          "stddev" : 0.000000,
          "N" : 0
        },
        "clat_ns" : {
          "min" : 0,
          "max" : 0,
          "mean" : 0.000000,
          "stddev" : 0.000000,
          "N" : 0
        },
        "lat_ns" : {
          "min" : 0,
          "max" : 0,
          "mean" : 0.000000,
          "stddev" : 0.000000,
          "N" : 0
        },
        "bw_min" : 0,
        "bw_max" : 0,
        "bw_agg" : 0.000000,
        "bw_mean" : 0.000000,
        "bw_dev" : 0.000000,
        "bw_samples" : 0,
        "iops_min" : 0,
        "iops_max" : 0,
        "iops_mean" : 0.000000,
        "iops_stddev" : 0.000000,
        "iops_samples" : 0
      },
      "sync" : {
        "total_ios" : 0,
        "lat_ns" : {
          "min" : 0,
          "max" : 0,
          "mean" : 0.000000,
          "stddev" : 0.000000,
          "N" : 0
        }
      },
      "job_runtime" : 5574,
      "usr_cpu" : 1.794044,
      "sys_cpu" : 2.188733,
      "ctx" : 2065,
      "majf" : 0,
      "minf" : 1,
      "iodepth_level" : {
        "1" : 0.100000,
        "2" : 0.100000,
        "4" : 0.100000,
        "8" : 0.195312,
        "16" : 0.390625,
        "32" : 0.781250,
        ">=64" : 98.461914
      },
      "iodepth_submit" : {
        "0" : 0.000000,
        "4" : 100.000000,
        "8" : 0.000000,
        "16" : 0.000000,
        "32" : 0.000000,
        "64" : 0.000000,
        ">=64" : 0.000000
      },
      "iodepth_complete" : {
        "0" : 0.000000,
        "4" : 99.975211,
        "8" : 0.000000,
        "16" : 0.000000,
        "32" : 0.000000,
        "64" : 0.100000,
        ">=64" : 0.000000
      },
      "latency_ns" : {
        "2" : 0.000000,
        "4" : 0.000000,
        "10" : 0.000000,
        "20" : 0.000000,
        "50" : 0.000000,
        "100" : 0.000000,
        "250" : 0.000000,
        "500" : 0.000000,
        "750" : 0.000000,
        "1000" : 0.000000
      },
      "latency_us" : {
        "2" : 0.000000,
        "4" : 0.000000,
        "10" : 0.000000,
        "20" : 0.000000,
        "50" : 0.000000,
        "100" : 0.000000,
        "250" : 0.000000,
        "500" : 0.000000,
        "750" : 0.000000,
        "1000" : 0.000000
      },
      "latency_ms" : {
        "2" : 0.000000,
        "4" : 0.024414,
        "10" : 3.515625,
        "20" : 1.098633,
        "50" : 8.837891,
        "100" : 35.815430,
        "250" : 50.708008,
        "500" : 0.000000,
        "750" : 0.000000,
        "1000" : 0.000000,
        "2000" : 0.000000,
        ">=2000" : 0.000000
      },
      "latency_depth" : 64,
      "latency_target" : 0,
      "latency_percentile" : 100.000000,
      "latency_window" : 0
    }
  ],
  "disk_util" : [
    {
      "name" : "sdd",
      "read_ios" : 0,
      "write_ios" : 2001,
      "read_merges" : 0,
      "write_merges" : 0,
      "read_ticks" : 0,
      "write_ticks" : 170808,
      "in_queue" : 170808,
      "util" : 85.060371
    },
    {
      "name" : "sdc",
      "read_ios" : 0,
      "write_ios" : 2208,
      "read_merges" : 0,
      "write_merges" : 0,
      "read_ticks" : 0,
      "write_ticks" : 185473,
      "in_queue" : 185473,
      "util" : 52.490975
    }
  ]
}